<?xml version="1.0"  encoding="ISO-8859-1"?>
<!DOCTYPE Configure PUBLIC "-//Jetty//Configure//EN" "http://www.eclipse.org/jetty/configure.dtd">

<!--
Configure a custom context for the eepsite.

 * CGI Servlet.
 * 
 * The cgi bin directory can be set with the "cgibinResourceBase" init parameter
 * or it will default to the resource base of the context.
 * 
 * The "commandPrefix" init parameter may be used to set a prefix to all
 * commands passed to exec. This can be used on systems that need assistance to
 * execute a particular file type. For example on windows this can be set to
 * "perl" so that perl scripts are executed.
 * 
 * The "Path" init param is passed to the exec environment as PATH. Note: Must
 * be run unpacked somewhere in the filesystem.
 * 
 * Any initParameter that starts with ENV_ is used to set an environment
 * variable with the name stripped of the leading ENV_ and using the init
 * parameter value.
-->

<Configure class="org.eclipse.jetty.servlet.ServletContextHandler">
  <Set name="contextPath">/cgi-bin</Set>
  <Set name="resourceBase">./eepsite/cgi-bin/</Set>
  <Call name="setInitParameter">
    <Arg>Path</Arg>
    <Arg>/usr/local/bin:/bin:/usr/bin</Arg>
  </Call>
  <Call name="addServlet">
    <Arg>org.eclipse.jetty.servlets.CGI</Arg>
    <Arg>/</Arg>
  </Call>
  <Call name="addFilter">
    <!-- See base-context.xml for info.
         Unlike for DefaultServlet, there's not even a theoretical
         inefficiency for using this.
      -->
    <Arg>
      <New class="org.eclipse.jetty.servlet.FilterHolder" >
        <Arg>
          <New class="org.eclipse.jetty.servlets.GzipFilter" />
        </Arg>
        <Call name="setInitParameter">
          <Arg>minGzipSize</Arg>
          <Arg>512</Arg>
        </Call>
        <Call name="setInitParameter">
          <Arg>mimeTypes</Arg>
          <Arg>application/pdf,application/x-javascript,application/xhtml+xml,application/xml,image/svg+xml,text/css,text/html,text/plain</Arg>
        </Call>
      </New>
    </Arg>
    <Arg>/*</Arg>
    <Arg>
      <Call class="java.util.EnumSet" name="of" >
        <Arg>
          <Call class="javax.servlet.DispatcherType" name="valueOf" >
            <Arg>REQUEST</Arg>
          </Call>
        </Arg>
      </Call>
    </Arg>
  </Call>
</Configure>
